voluntario,attention_mean,attention_std,engagement_mean,engagement_std
V01,83.38049451,11.1927568,51.94574176,24.5928036
V02,90.47455867,15.05630896,23.51713396,32.32006752
V03,,,,
V04,57.75179153,30.46592164,25.17980456,29.16831046
V05,,,,
V06,97.15265201,2.002584814,62.43984476,42.95702837
V07,90.80905512,18.69270224,16.17125984,31.72260502
V08,90.77340426,12.48678684,19.44255319,36.33482178
V09,84.04651163,23.60393358,4.520930233,17.66156496
