voluntario,attention_mean,attention_std,engagement_mean,engagement_std
V01,82.55154639,15.31773678,35.18427835,27.05651482
V02,88.88917862,10.5549402,16.63494133,26.51537274
V03,,,,
V04,76.29102668,24.98788105,32.57316087,32.53642008
V05,80.22807018,14.4346032,5.596491228,8.756343923
V06,96.22751323,2.17476215,59.09297052,44.53446849
V07,91.31174089,9.889428525,16.55465587,29.26310506
V08,92.0249066,13.90042478,9.859277709,25.78910631
V09,79.66466346,22.10138114,8.362980769,18.79102827
